﻿<?xml version="1.0" encoding="UTF-8" standalone="yes"?>
<addon id="repository.ratoplay" name="Rato Play Repository" version="0.0.2" provider-name="ratoplay">
	<extension point="xbmc.addon.repository" name="Rato Play Repository">
		<info compressed="false">http://raw.github.com/ratoplay/ratoaddons/master/addons.xml</info>
		<checksum>http://raw.github.com/ratoplay/ratoaddons/master/addons.xml.md5</checksum>
		<datadir zip="true">http://raw.github.com/ratoplay/ratoaddons/master/repo/</datadir>
	</extension>
	<extension point="xbmc.addon.metadata">
		<summary>Rato Play Repository Addon</summary>
		<description>Addon Rato Play Repository</description>
		<disclaimer></disclaimer>
		<platform>all</platform>
	</extension>
</addon>